# nelements, hs, l2errs
1.000000000000000000e+01,5.000000000000000278e-02,5.510526943387356657e-06
2.000000000000000000e+01,2.500000000000000139e-02,4.626090412077624647e-07
4.000000000000000000e+01,1.250000000000000069e-02,3.931616348688381755e-08
8.000000000000000000e+01,6.250000000000000347e-03,3.383074135471908501e-09
1.600000000000000000e+02,3.125000000000000173e-03,2.939854236646050213e-10
3.200000000000000000e+02,1.562500000000000087e-03,2.699466035892730375e-11
